{"cameraMode":{"drawMode":0,"name":"Shaded","section":"Shading Mode"},"sceneLighting":true,"audioPlay":false,"sceneViewState":{"m_AlwaysRefresh":false,"showFog":true,"showSkybox":true,"showFlares":true,"showImageEffects":true,"showParticleSystems":true,"showVisualEffectGraphs":true,"m_FxEnabled":true},"in2DMode":false,"pivot":{"x":-2.9944536685943605,"y":-0.00112152099609375,"z":5.971740245819092},"rotation":{"x":0.7079623937606812,"y":0.016943462193012239,"z":-0.016994357109069825,"w":0.7058414816856384},"size":61.18938446044922,"orthographic":false}